op,op_type,source_path,load_time_deps,runtime_deps,dependency_groups,notes
entity_attribute_aggregator,aggregator,data_juicer/ops/aggregator/entity_attribute_aggregator.py,loguru; pydantic,,core,
meta_tags_aggregator,aggregator,data_juicer/ops/aggregator/meta_tags_aggregator.py,loguru; pydantic,,core,
most_relevant_entities_aggregator,aggregator,data_juicer/ops/aggregator/most_relevant_entities_aggregator.py,loguru; numpy; pydantic,,core,
nested_aggregator,aggregator,data_juicer/ops/aggregator/nested_aggregator.py,loguru; pydantic,,core,
document_deduplicator,deduplicator,data_juicer/ops/deduplicator/document_deduplicator.py,regex,,core,
document_minhash_deduplicator,deduplicator,data_juicer/ops/deduplicator/document_minhash_deduplicator.py,loguru; numpy; pydantic; regex; tqdm; typing-extensions,scipy,core; undeclared_or_transitive,
document_minhash_deduplicator_with_uid,deduplicator,data_juicer/ops/deduplicator/document_minhash_deduplicator.py,loguru; numpy; pydantic; regex; tqdm; typing-extensions,scipy,core; undeclared_or_transitive,
document_simhash_deduplicator,deduplicator,data_juicer/ops/deduplicator/document_simhash_deduplicator.py,loguru; numpy; pydantic; regex,simhash-pybind,core; nlp,
image_deduplicator,deduplicator,data_juicer/ops/deduplicator/image_deduplicator.py,numpy,imagededup,core; vision,
ray_bts_minhash_cpp_deduplicator,deduplicator,data_juicer/ops/deduplicator/ray_bts_minhash_cpp_deduplicator.py,loguru; numpy; pyarrow; pydantic; regex; typing-extensions,ray,core; undeclared_or_transitive,
ray_bts_minhash_deduplicator,deduplicator,data_juicer/ops/deduplicator/ray_bts_minhash_deduplicator.py,loguru; numpy; pyarrow; pydantic; regex; typing-extensions,ray,core; undeclared_or_transitive,
ray_bts_minhash_deduplicator_with_uid,deduplicator,data_juicer/ops/deduplicator/ray_bts_minhash_deduplicator.py,loguru; numpy; pyarrow; pydantic; regex; typing-extensions,ray,core; undeclared_or_transitive,
ray_document_deduplicator,deduplicator,data_juicer/ops/deduplicator/ray_document_deduplicator.py,regex,,core,
ray_image_deduplicator,deduplicator,data_juicer/ops/deduplicator/ray_image_deduplicator.py,numpy,imagededup,core; vision,
ray_video_deduplicator,deduplicator,data_juicer/ops/deduplicator/ray_video_deduplicator.py,,,,
video_deduplicator,deduplicator,data_juicer/ops/deduplicator/video_deduplicator.py,,,,
alphanumeric_filter,filter,data_juicer/ops/filter/alphanumeric_filter.py,,,,
audio_duration_filter,filter,data_juicer/ops/filter/audio_duration_filter.py,numpy,librosa; librosa>=0.10,audio; core,
audio_nmf_snr_filter,filter,data_juicer/ops/filter/audio_nmf_snr_filter.py,numpy; pydantic,librosa; librosa>=0.10,audio; core,
audio_size_filter,filter,data_juicer/ops/filter/audio_size_filter.py,numpy,,core,
average_line_length_filter,filter,data_juicer/ops/filter/average_line_length_filter.py,,,,
character_repetition_filter,filter,data_juicer/ops/filter/character_repetition_filter.py,numpy; pydantic,,core,
flagged_words_filter,filter,data_juicer/ops/filter/flagged_words_filter.py,pydantic,,core,
general_field_filter,filter,data_juicer/ops/filter/general_field_filter.py,,,,
image_aesthetics_filter,filter,data_juicer/ops/filter/image_aesthetics_filter.py,loguru; numpy,torch,core; generic,
image_aspect_ratio_filter,filter,data_juicer/ops/filter/image_aspect_ratio_filter.py,numpy,,core,
image_face_count_filter,filter,data_juicer/ops/filter/image_face_count_filter.py,loguru; numpy,opencv-contrib-python,core; vision,
image_face_ratio_filter,filter,data_juicer/ops/filter/image_face_ratio_filter.py,loguru; numpy,opencv-contrib-python,core; vision,
image_nsfw_filter,filter,data_juicer/ops/filter/image_nsfw_filter.py,numpy,torch,core; generic,
image_pair_similarity_filter,filter,data_juicer/ops/filter/image_pair_similarity_filter.py,jsonargparse; numpy,torch,core; generic,
image_shape_filter,filter,data_juicer/ops/filter/image_shape_filter.py,numpy,,core,
image_size_filter,filter,data_juicer/ops/filter/image_size_filter.py,numpy,,core,
image_subplot_filter,filter,data_juicer/ops/filter/image_subplot_filter.py,numpy,opencv-contrib-python,core; vision,
image_text_matching_filter,filter,data_juicer/ops/filter/image_text_matching_filter.py,numpy; pillow,,core,
image_text_similarity_filter,filter,data_juicer/ops/filter/image_text_similarity_filter.py,numpy; pillow,,core,
image_watermark_filter,filter,data_juicer/ops/filter/image_watermark_filter.py,numpy,torch,core; generic,
in_context_influence_filter,filter,data_juicer/ops/filter/in_context_influence_filter.py,datasets; loguru,torch; transformers,core; generic,
instruction_following_difficulty_filter,filter,data_juicer/ops/filter/instruction_following_difficulty_filter.py,,torch; transformers,generic,
language_id_score_filter,filter,data_juicer/ops/filter/language_id_score_filter.py,,,,
llm_analysis_filter,filter,data_juicer/ops/filter/llm_analysis_filter.py,loguru; numpy; pydantic,torch; vllm,core; generic,
llm_difficulty_score_filter,filter,data_juicer/ops/filter/llm_difficulty_score_filter.py,,torch; vllm,generic,
llm_perplexity_filter,filter,data_juicer/ops/filter/llm_perplexity_filter.py,numpy,torch; transformers,core; generic,
llm_quality_score_filter,filter,data_juicer/ops/filter/llm_quality_score_filter.py,,torch; vllm,generic,
llm_task_relevance_filter,filter,data_juicer/ops/filter/llm_task_relevance_filter.py,datasets; loguru,torch; vllm,core; generic,
maximum_line_length_filter,filter,data_juicer/ops/filter/maximum_line_length_filter.py,,,,
perplexity_filter,filter,data_juicer/ops/filter/perplexity_filter.py,,,,
phrase_grounding_recall_filter,filter,data_juicer/ops/filter/phrase_grounding_recall_filter.py,loguru; numpy; pillow,nltk; torch,core; generic; nlp,
special_characters_filter,filter,data_juicer/ops/filter/special_characters_filter.py,,,,
specified_field_filter,filter,data_juicer/ops/filter/specified_field_filter.py,,,,
specified_numeric_field_filter,filter,data_juicer/ops/filter/specified_numeric_field_filter.py,,,,
stopwords_filter,filter,data_juicer/ops/filter/stopwords_filter.py,pydantic,,core,
suffix_filter,filter,data_juicer/ops/filter/suffix_filter.py,,,,
text_action_filter,filter,data_juicer/ops/filter/text_action_filter.py,,spacy-pkuseg,nlp,
text_embd_similarity_filter,filter,data_juicer/ops/filter/text_embd_similarity_filter.py,datasets; jsonargparse; loguru; numpy; tqdm,torch; transformers,core; generic,
text_entity_dependency_filter,filter,data_juicer/ops/filter/text_entity_dependency_filter.py,numpy,spacy-pkuseg,core; nlp,
text_length_filter,filter,data_juicer/ops/filter/text_length_filter.py,,,,
text_pair_similarity_filter,filter,data_juicer/ops/filter/text_pair_similarity_filter.py,jsonargparse; numpy,torch; transformers,core; generic,
token_num_filter,filter,data_juicer/ops/filter/token_num_filter.py,,,,
video_aesthetics_filter,filter,data_juicer/ops/filter/video_aesthetics_filter.py,loguru; numpy; pydantic,torch,core; generic,
video_aspect_ratio_filter,filter,data_juicer/ops/filter/video_aspect_ratio_filter.py,numpy,,core,
video_duration_filter,filter,data_juicer/ops/filter/video_duration_filter.py,numpy,,core,
video_frames_text_similarity_filter,filter,data_juicer/ops/filter/video_frames_text_similarity_filter.py,numpy; pillow; pydantic,,core,
video_motion_score_filter,filter,data_juicer/ops/filter/video_motion_score_filter.py,numpy; pydantic,opencv-contrib-python,core; vision,
video_motion_score_ptlflow_filter,filter,data_juicer/ops/filter/video_motion_score_ptlflow_filter.py,jsonargparse; pydantic,ptlflow; torch; torchvision,core; generic; undeclared_or_transitive; vision,
video_motion_score_raft_filter,filter,data_juicer/ops/filter/video_motion_score_raft_filter.py,pydantic,torch; torchvision,core; generic; undeclared_or_transitive,
video_nsfw_filter,filter,data_juicer/ops/filter/video_nsfw_filter.py,numpy; pillow; pydantic,opencv-contrib-python; torch,core; generic; vision,
video_ocr_area_ratio_filter,filter,data_juicer/ops/filter/video_ocr_area_ratio_filter.py,numpy; pydantic,easyocr,core; nlp,
video_resolution_filter,filter,data_juicer/ops/filter/video_resolution_filter.py,numpy,,core,
video_tagging_from_frames_filter,filter,data_juicer/ops/filter/video_tagging_from_frames_filter.py,numpy; pydantic,,core,
video_watermark_filter,filter,data_juicer/ops/filter/video_watermark_filter.py,numpy; pydantic,torch,core; generic,
word_repetition_filter,filter,data_juicer/ops/filter/word_repetition_filter.py,pydantic,,core,
words_num_filter,filter,data_juicer/ops/filter/words_num_filter.py,,,,
key_value_grouper,grouper,data_juicer/ops/grouper/key_value_grouper.py,,,,
naive_grouper,grouper,data_juicer/ops/grouper/naive_grouper.py,,,,
naive_reverse_grouper,grouper,data_juicer/ops/grouper/naive_reverse_grouper.py,,,,
audio_add_gaussian_noise_mapper,mapper,data_juicer/ops/mapper/audio_add_gaussian_noise_mapper.py,numpy,audiomentations; soundfile,audio; core,
audio_ffmpeg_wrapped_mapper,mapper,data_juicer/ops/mapper/audio_ffmpeg_wrapped_mapper.py,,ffmpeg-python,audio,
calibrate_qa_mapper,mapper,data_juicer/ops/mapper/calibrate_qa_mapper.py,loguru; pydantic,,core,
calibrate_query_mapper,mapper,data_juicer/ops/mapper/calibrate_query_mapper.py,,,,
calibrate_response_mapper,mapper,data_juicer/ops/mapper/calibrate_response_mapper.py,,,,
chinese_convert_mapper,mapper,data_juicer/ops/mapper/chinese_convert_mapper.py,,opencc,nlp,
clean_copyright_mapper,mapper,data_juicer/ops/mapper/clean_copyright_mapper.py,regex,,core,
clean_email_mapper,mapper,data_juicer/ops/mapper/clean_email_mapper.py,regex,,core,
clean_html_mapper,mapper,data_juicer/ops/mapper/clean_html_mapper.py,,selectolax,nlp,
clean_ip_mapper,mapper,data_juicer/ops/mapper/clean_ip_mapper.py,regex,,core,
clean_links_mapper,mapper,data_juicer/ops/mapper/clean_links_mapper.py,regex,,core,
detect_character_attributes_mapper,mapper,data_juicer/ops/mapper/detect_character_attributes_mapper.py,pillow,,core,
detect_character_locations_mapper,mapper,data_juicer/ops/mapper/detect_character_locations_mapper.py,pillow,ultralytics,core; vision,
detect_main_character_mapper,mapper,data_juicer/ops/mapper/detect_main_character_mapper.py,,,,
dialog_intent_detection_mapper,mapper,data_juicer/ops/mapper/dialog_intent_detection_mapper.py,loguru; pydantic,,core,
dialog_sentiment_detection_mapper,mapper,data_juicer/ops/mapper/dialog_sentiment_detection_mapper.py,loguru; pydantic,,core,
dialog_sentiment_intensity_mapper,mapper,data_juicer/ops/mapper/dialog_sentiment_intensity_mapper.py,loguru; pydantic,,core,
dialog_topic_detection_mapper,mapper,data_juicer/ops/mapper/dialog_topic_detection_mapper.py,loguru; pydantic,,core,
download_file_mapper,mapper,data_juicer/ops/mapper/download_file_mapper.py,aiohttp; loguru,,core,
expand_macro_mapper,mapper,data_juicer/ops/mapper/expand_macro_mapper.py,regex,,core,
extract_entity_attribute_mapper,mapper,data_juicer/ops/mapper/extract_entity_attribute_mapper.py,loguru; numpy; pydantic,,core,
extract_entity_relation_mapper,mapper,data_juicer/ops/mapper/extract_entity_relation_mapper.py,loguru; numpy; pydantic,,core,
extract_event_mapper,mapper,data_juicer/ops/mapper/extract_event_mapper.py,loguru; pydantic,,core,
extract_keyword_mapper,mapper,data_juicer/ops/mapper/extract_keyword_mapper.py,loguru; numpy; pydantic,,core,
extract_nickname_mapper,mapper,data_juicer/ops/mapper/extract_nickname_mapper.py,loguru; numpy; pydantic,,core,
extract_support_text_mapper,mapper,data_juicer/ops/mapper/extract_support_text_mapper.py,loguru; pydantic,,core,
extract_tables_from_html_mapper,mapper,data_juicer/ops/mapper/extract_tables_from_html_mapper.py,bs4,,core,
fix_unicode_mapper,mapper,data_juicer/ops/mapper/fix_unicode_mapper.py,,ftfy,nlp,
generate_qa_from_examples_mapper,mapper,data_juicer/ops/mapper/generate_qa_from_examples_mapper.py,loguru; pydantic,rouge; torch; vllm,core; generic; nlp,
generate_qa_from_text_mapper,mapper,data_juicer/ops/mapper/generate_qa_from_text_mapper.py,loguru; pydantic,torch; vllm,core; generic,
human_preference_annotation_mapper,mapper,data_juicer/ops/mapper/annotation/human_preference_annotation_mapper.py,loguru,,core,
image_blur_mapper,mapper,data_juicer/ops/mapper/image_blur_mapper.py,numpy,,core,
image_bytes_exact_dedup_mapper,mapper,data_juicer/ops/mapper/image_bytes_exact_dedup_mapper.py,,,,
image_bytes_prune_mapper,mapper,data_juicer/ops/mapper/image_bytes_prune_mapper.py,numpy; pillow,,core,
image_captioning_from_gpt4v_mapper,mapper,data_juicer/ops/mapper/image_captioning_from_gpt4v_mapper.py,loguru; pydantic; requests; typing-extensions,,core,
image_captioning_mapper,mapper,data_juicer/ops/mapper/image_captioning_mapper.py,loguru; numpy; pydantic,simhash-pybind,core; nlp,
image_detection_yolo_mapper,mapper,data_juicer/ops/mapper/image_detection_yolo_mapper.py,numpy,torch; ultralytics,core; generic; vision,
image_diffusion_mapper,mapper,data_juicer/ops/mapper/image_diffusion_mapper.py,pillow; pydantic; typing-extensions,,core,
image_face_blur_mapper,mapper,data_juicer/ops/mapper/image_face_blur_mapper.py,loguru; pillow; pydantic,opencv-contrib-python,core; vision,
image_mmpose_mapper,mapper,data_juicer/ops/mapper/image_mmpose_mapper.py,loguru,,core,
image_remove_background_mapper,mapper,data_juicer/ops/mapper/image_remove_background_mapper.py,,onnxruntime; rembg,generic; vision,
image_sam_3d_body_mapper,mapper,data_juicer/ops/mapper/image_sam_3d_body_mapper.py,loguru; numpy,appdirs; appnope; black; chump; cython; dill; einops; ffmpeg; fvcore; huggingface_hub; hydra-colorlog; hydra-core; hydra-submitit-launcher; joblib; jsonlines; loguru; networkx==3.2.1; opencv-contrib-python; optree; pandas; pycocotools; pyrender; pyrootutils; pytest; pytorch-lightning; rich; roma; scikit-image; seaborn; tensorboard; timm; wandb; webdataset; xtcocotools; yacs,core; dev; generic; undeclared_or_transitive; vision,
image_segment_mapper,mapper,data_juicer/ops/mapper/image_segment_mapper.py,numpy,torch; ultralytics,core; generic; vision,
image_tagging_mapper,mapper,data_juicer/ops/mapper/image_tagging_mapper.py,numpy,ram @ git+https://github.com/datajuicer/recognize-anything.git,core; undeclared_or_transitive,
image_tagging_vlm_mapper,mapper,data_juicer/ops/mapper/image_tagging_vlm_mapper.py,loguru; numpy; pydantic,torch; vllm,core; generic,
imgdiff_difference_area_generator_mapper,mapper,data_juicer/ops/mapper/imgdiff_difference_area_generator_mapper.py,numpy,nltk; opencv-contrib-python,core; nlp; vision,
imgdiff_difference_caption_generator_mapper,mapper,data_juicer/ops/mapper/imgdiff_difference_caption_generator_mapper.py,numpy,opencv-contrib-python,core; vision,
landing_page_image_schema_finalize_mapper,mapper,data_juicer/ops/mapper/landing_page_image_schema_finalize_mapper.py,pyarrow,,core,
landing_page_image_url_mapper,mapper,data_juicer/ops/mapper/landing_page_image_url_mapper.py,,,,
latex_figure_context_extractor_mapper,mapper,data_juicer/ops/mapper/latex_figure_context_extractor_mapper.py,loguru; regex,,core,
latex_merge_tex_mapper,mapper,data_juicer/ops/mapper/latex_merge_tex_mapper.py,loguru,,core,
mllm_mapper,mapper,data_juicer/ops/mapper/mllm_mapper.py,,torch; transformers,generic,
nlpaug_en_mapper,mapper,data_juicer/ops/mapper/nlpaug_en_mapper.py,loguru; pydantic,nlpaug,core; nlp,
nlpcda_zh_mapper,mapper,data_juicer/ops/mapper/nlpcda_zh_mapper.py,loguru; pydantic,nlpcda,core; nlp,
optimize_prompt_mapper,mapper,data_juicer/ops/mapper/optimize_prompt_mapper.py,loguru; pydantic,torch; vllm,core; generic,
optimize_qa_mapper,mapper,data_juicer/ops/mapper/optimize_qa_mapper.py,loguru; pydantic,torch; vllm,core; generic,
optimize_query_mapper,mapper,data_juicer/ops/mapper/optimize_query_mapper.py,,,,
optimize_response_mapper,mapper,data_juicer/ops/mapper/optimize_response_mapper.py,,,,
pair_preference_mapper,mapper,data_juicer/ops/mapper/pair_preference_mapper.py,loguru; pydantic,,core,
punctuation_normalization_mapper,mapper,data_juicer/ops/mapper/punctuation_normalization_mapper.py,,,,
python_file_mapper,mapper,data_juicer/ops/mapper/python_file_mapper.py,,,,
python_lambda_mapper,mapper,data_juicer/ops/mapper/python_lambda_mapper.py,,,,
query_intent_detection_mapper,mapper,data_juicer/ops/mapper/query_intent_detection_mapper.py,,,,
query_sentiment_detection_mapper,mapper,data_juicer/ops/mapper/query_sentiment_detection_mapper.py,,,,
query_topic_detection_mapper,mapper,data_juicer/ops/mapper/query_topic_detection_mapper.py,,,,
relation_identity_mapper,mapper,data_juicer/ops/mapper/relation_identity_mapper.py,loguru; pydantic,,core,
remove_bibliography_mapper,mapper,data_juicer/ops/mapper/remove_bibliography_mapper.py,regex,,core,
remove_comments_mapper,mapper,data_juicer/ops/mapper/remove_comments_mapper.py,regex,,core,
remove_header_mapper,mapper,data_juicer/ops/mapper/remove_header_mapper.py,regex,,core,
remove_long_words_mapper,mapper,data_juicer/ops/mapper/remove_long_words_mapper.py,,,,
remove_non_chinese_character_mapper,mapper,data_juicer/ops/mapper/remove_non_chinese_character_mapper.py,regex,,core,
remove_repeat_sentences_mapper,mapper,data_juicer/ops/mapper/remove_repeat_sentences_mapper.py,regex,,core,
remove_specific_chars_mapper,mapper,data_juicer/ops/mapper/remove_specific_chars_mapper.py,regex,,core,
remove_table_text_mapper,mapper,data_juicer/ops/mapper/remove_table_text_mapper.py,pydantic; regex; typing-extensions,,core,
remove_words_with_incorrect_substrings_mapper,mapper,data_juicer/ops/mapper/remove_words_with_incorrect_substrings_mapper.py,,,,
replace_content_mapper,mapper,data_juicer/ops/mapper/replace_content_mapper.py,regex,,core,
s3_download_file_mapper,mapper,data_juicer/ops/mapper/s3_download_file_mapper.py,loguru,boto3; botocore,cloud; core; undeclared_or_transitive,
s3_upload_file_mapper,mapper,data_juicer/ops/mapper/s3_upload_file_mapper.py,loguru,boto3; botocore,cloud; core; undeclared_or_transitive,
sdxl_prompt2prompt_mapper,mapper,data_juicer/ops/mapper/sdxl_prompt2prompt_mapper.py,,data-juicer; diffusers; torch,generic; undeclared_or_transitive; vision,
sentence_augmentation_mapper,mapper,data_juicer/ops/mapper/sentence_augmentation_mapper.py,,torch; transformers,generic,
sentence_split_mapper,mapper,data_juicer/ops/mapper/sentence_split_mapper.py,,,,
text_chunk_mapper,mapper,data_juicer/ops/mapper/text_chunk_mapper.py,pydantic,,core,
text_tagging_by_prompt_mapper,mapper,data_juicer/ops/mapper/text_tagging_by_prompt_mapper.py,,torch; transformers; vllm,generic,
vggt_mapper,mapper,data_juicer/ops/mapper/vggt_mapper.py,pydantic,torch,core; generic,
video_camera_calibration_static_deepcalib_mapper,mapper,data_juicer/ops/mapper/video_camera_calibration_static_deepcalib_mapper.py,numpy; pydantic,opencv-contrib-python; tensorflow==2.20.0,core; undeclared_or_transitive; vision,
video_camera_calibration_static_moge_mapper,mapper,data_juicer/ops/mapper/video_camera_calibration_static_moge_mapper.py,numpy; pydantic,opencv-contrib-python; torch,core; generic; vision,
video_camera_pose_mapper,mapper,data_juicer/ops/mapper/video_camera_pose_mapper.py,numpy; pydantic,opencv-contrib-python; torch,core; generic; vision,
video_captioning_from_audio_mapper,mapper,data_juicer/ops/mapper/video_captioning_from_audio_mapper.py,regex,accelerate; einops; tiktoken; transformers; transformers-stream-generator @ git+https://github.com/datajuicer/transformers-stream-generator.git,core; generic; nlp; undeclared_or_transitive,
video_captioning_from_frames_mapper,mapper,data_juicer/ops/mapper/video_captioning_from_frames_mapper.py,loguru; numpy; pillow; pydantic,simhash-pybind,core; nlp,
video_captioning_from_summarizer_mapper,mapper,data_juicer/ops/mapper/video_captioning_from_summarizer_mapper.py,pydantic,accelerate; einops; tiktoken; torch; torchaudio; transformers; transformers-stream-generator @ git+https://github.com/datajuicer/transformers-stream-generator.git,audio; core; generic; nlp; undeclared_or_transitive,
video_captioning_from_video_mapper,mapper,data_juicer/ops/mapper/video_captioning_from_video_mapper.py,loguru; numpy; pillow; pydantic,simhash-pybind,core; nlp,
video_captioning_from_vlm_mapper,mapper,data_juicer/ops/mapper/video_captioning_from_vlm_mapper.py,loguru; numpy; pydantic,simhash-pybind; vllm,core; generic; nlp,
video_depth_estimation_mapper,mapper,data_juicer/ops/mapper/video_depth_estimation_mapper.py,numpy,easydict; imageio; imageio-ffmpeg; open3d; opencv-contrib-python; torch; xformers,core; generic; undeclared_or_transitive; vision,
video_extract_frames_mapper,mapper,data_juicer/ops/mapper/video_extract_frames_mapper.py,loguru; pillow; pydantic,opencv-contrib-python,core; vision,
video_face_blur_mapper,mapper,data_juicer/ops/mapper/video_face_blur_mapper.py,av; pillow,opencv-contrib-python,core; vision,
video_ffmpeg_wrapped_mapper,mapper,data_juicer/ops/mapper/video_ffmpeg_wrapped_mapper.py,,ffmpeg-python,audio,
video_hand_reconstruction_hawor_mapper,mapper,data_juicer/ops/mapper/video_hand_reconstruction_hawor_mapper.py,numpy; pydantic,chumpy@ git+https://github.com/mattloper/chumpy; lap; omegaconf; opencv-contrib-python; pytorch_lightning; scikit-image; smplx; timm; torch; ultralytics; yacs,core; generic; undeclared_or_transitive; vision,
video_hand_reconstruction_mapper,mapper,data_juicer/ops/mapper/video_hand_reconstruction_mapper.py,pydantic,chumpy@ git+https://github.com/mattloper/chumpy; numpy; opencv-contrib-python; pyrender; pytorch_lightning; scikit-image; smplx==0.1.28; timm; torch; yacs,core; generic; undeclared_or_transitive; vision,
video_object_segmenting_mapper,mapper,data_juicer/ops/mapper/video_object_segmenting_mapper.py,numpy,opencv-contrib-python; torch; ultralytics,core; generic; vision,
video_remove_watermark_mapper,mapper,data_juicer/ops/mapper/video_remove_watermark_mapper.py,av; numpy; pydantic,opencv-contrib-python,core; vision,
video_resize_aspect_ratio_mapper,mapper,data_juicer/ops/mapper/video_resize_aspect_ratio_mapper.py,,ffmpeg-python,audio,
video_resize_resolution_mapper,mapper,data_juicer/ops/mapper/video_resize_resolution_mapper.py,pydantic,ffmpeg-python,audio; core,
video_split_by_duration_mapper,mapper,data_juicer/ops/mapper/video_split_by_duration_mapper.py,numpy,,core,
video_split_by_key_frame_mapper,mapper,data_juicer/ops/mapper/video_split_by_key_frame_mapper.py,loguru,,core,
video_split_by_scene_mapper,mapper,data_juicer/ops/mapper/video_split_by_scene_mapper.py,loguru; pydantic,scenedetect,core; vision,
video_tagging_from_audio_mapper,mapper,data_juicer/ops/mapper/video_tagging_from_audio_mapper.py,numpy,torchaudio,audio; core,
video_tagging_from_frames_mapper,mapper,data_juicer/ops/mapper/video_tagging_from_frames_mapper.py,numpy; pydantic,ram @ git+https://github.com/datajuicer/recognize-anything.git,core; undeclared_or_transitive,
video_undistort_mapper,mapper,data_juicer/ops/mapper/video_undistort_mapper.py,numpy,ffmpeg-python; opencv-contrib-python,audio; core; vision,
video_whole_body_pose_estimation_mapper,mapper,data_juicer/ops/mapper/video_whole_body_pose_estimation_mapper.py,matplotlib; pydantic,opencv-contrib-python,core; vision,
whitespace_normalization_mapper,mapper,data_juicer/ops/mapper/whitespace_normalization_mapper.py,,,,
llm_ray_vllm_engine_pipeline,pipeline,data_juicer/ops/pipeline/llm_inference_with_ray_vllm_pipeline.py,,torch; vllm,generic,
vlm_ray_vllm_engine_pipeline,pipeline,data_juicer/ops/pipeline/vlm_inference_with_ray_vllm_pipeline.py,,torch; vllm,generic,
frequency_specified_field_selector,selector,data_juicer/ops/selector/frequency_specified_field_selector.py,pydantic; typing-extensions,,core,
random_selector,selector,data_juicer/ops/selector/random_selector.py,pydantic; typing-extensions,,core,
range_specified_field_selector,selector,data_juicer/ops/selector/range_specified_field_selector.py,pydantic; typing-extensions,,core,
tags_specified_field_selector,selector,data_juicer/ops/selector/tags_specified_field_selector.py,,,,
topk_specified_field_selector,selector,data_juicer/ops/selector/topk_specified_field_selector.py,pydantic; typing-extensions,,core,
